{
  "timestamp": "2025-10-29T15:10:06.431757",
  "training_samples": 1105,
  "results": {
    "compliance_predictor": {
      "success": true,
      "training_history": {
        "loss": [
          0.4912261366844177,
          0.24011854827404022,
          0.13307036459445953,
          0.08602350205183029,
          0.06830232590436935,
          0.053538378328084946,
          0.049141522496938705,
          0.03763457015156746,
          0.03420170769095421,
          0.035812512040138245,
          0.03978194296360016,
          0.03595065325498581,
          0.0334981270134449,
          0.02737763337790966,
          0.0312841534614563,
          0.03132329881191254,
          0.03198263421654701,
          0.02026686817407608,
          0.02243182249367237,
          0.02233724668622017,
          0.02431611716747284,
          0.019274426624178886,
          0.019591253250837326
        ],
        "accuracy": [
          0.8857465982437134,
          0.9626696705818176,
          0.9660633206367493,
          0.9717194437980652,
          0.976244330406189,
          0.983031690120697,
          0.9807692170143127,
          0.9875565767288208,
          0.9909502267837524,
          0.9898189902305603,
          0.9773755669593811,
          0.9875565767288208,
          0.9898189902305603,
          0.9886877536773682,
          0.9852941036224365,
          0.9841628670692444,
          0.9841628670692444,
          0.9932126402854919,
          0.9909502267837524,
          0.9875565767288208,
          0.9909502267837524,
          0.9932126402854919,
          0.9909502267837524
        ],
        "auc": [
          0.9758033752441406,
          0.9928225874900818,
          0.9958634376525879,
          0.9977942705154419,
          0.9981595873832703,
          0.9990571141242981,
          0.9988589882850647,
          0.9994960427284241,
          0.9995498061180115,
          0.9993488192558289,
          0.9990175366401672,
          0.9990202784538269,
          0.9986749887466431,
          0.9995498061180115,
          0.999374270439148,
          0.9994394183158875,
          0.999416708946228,
          0.9998046159744263,
          0.9997394680976868,
          0.999759316444397,
          0.9996064305305481,
          0.9998188018798828,
          0.9997735023498535
        ],
        "val_loss": [
          0.3316170275211334,
          0.17779824137687683,
          0.11420177668333054,
          0.08900570869445801,
          0.06587082892656326,
          0.05531818047165871,
          0.04972369968891144,
          0.04167233407497406,
          0.03976741060614586,
          0.04440658167004585,
          0.039662834256887436,
          0.03520820662379265,
          0.030345993116497993,
          0.03214322030544281,
          0.03146485239267349,
          0.03359939157962799,
          0.030783193185925484,
          0.030657745897769928,
          0.0314568355679512,
          0.034159768372774124,
          0.03067786432802677,
          0.042520057410001755,
          0.04401424899697304
        ],
        "val_accuracy": [
          0.9502262473106384,
          0.9502262473106384,
          0.9547511339187622,
          0.9638009071350098,
          0.9728506803512573,
          0.9728506803512573,
          0.9728506803512573,
          0.9909502267837524,
          0.9864253401756287,
          0.9728506803512573,
          0.9819004535675049,
          0.9864253401756287,
          0.9954751133918762,
          0.9909502267837524,
          0.9909502267837524,
          0.9819004535675049,
          0.9864253401756287,
          0.9773755669593811,
          0.9819004535675049,
          0.9728506803512573,
          0.9864253401756287,
          0.9683257937431335,
          0.9683257937431335
        ],
        "val_auc": [
          0.9963544011116028,
          0.996268630027771,
          0.9978126287460327,
          0.9980272054672241,
          0.9990993738174438,
          0.9994853138923645,
          0.9995282888412476,
          0.9996569156646729,
          0.9996568560600281,
          0.9991422891616821,
          0.9994853734970093,
          0.9996569752693176,
          0.999914288520813,
          0.9996569156646729,
          0.9996569156646729,
          0.9995711445808411,
          0.9996569156646729,
          0.9994853734970093,
          0.9995710849761963,
          0.9993138313293457,
          0.9995711445808411,
          0.9989706873893738,
          0.998970627784729
        ]
      },
      "final_accuracy": 0.9909502267837524,
      "final_val_accuracy": 0.9683257937431335
    },
    "student_clusterer": {
      "success": false,
      "error": "'StudentClusterer' object has no attribute 'train'"
    },
    "sentiment_analyzer": {
      "success": true,
      "accuracy": 0.6359102244389028,
      "precision": 0.6390967448107208,
      "recall": 0.6359102244389028,
      "f1_score": 0.5972487363175795,
      "classification_report": {
        "negative": {
          "precision": 0.6666666666666666,
          "recall": 0.046511627906976744,
          "f1-score": 0.08695652173913045,
          "support": 43.0
        },
        "neutral": {
          "precision": 0.6354515050167224,
          "recall": 0.8370044052863436,
          "f1-score": 0.7224334600760457,
          "support": 227.0
        },
        "positive": {
          "precision": 0.6363636363636364,
          "recall": 0.48091603053435117,
          "f1-score": 0.5478260869565218,
          "support": 131.0
        },
        "accuracy": 0.6359102244389028,
        "macro avg": {
          "precision": 0.6461606026823418,
          "recall": 0.4548106879092238,
          "f1-score": 0.4524053562572326,
          "support": 401.0
        },
        "weighted avg": {
          "precision": 0.6390967448107208,
          "recall": 0.6359102244389028,
          "f1-score": 0.5972487363175795,
          "support": 401.0
        }
      }
    },
    "performance_predictor": {
      "success": true,
      "model_type": "random_forest",
      "mse": 0.0417,
      "r2_score": 0.9093,
      "feature_importance": {
        "curriculum_relevance": 0.0045,
        "learning_pace": 0.005,
        "support_availability": 0.0045,
        "learning_style": 0.0052,
        "teaching_quality": 0.0077,
        "environment": 0.0044,
        "peer_interaction": 0.0032,
        "academic_progress": 0.0091,
        "skill_development": 0.0145,
        "critical_thinking": 0.0164,
        "problem_solving": 0.029,
        "attendance": 0.0233,
        "participation": 0.7677,
        "satisfaction": 0.1054
      }
    },
    "dropout_predictor": {
      "success": true,
      "model_type": "random_forest",
      "accuracy": 1.0,
      "precision": 1.0,
      "recall": 1.0,
      "f1_score": 1.0,
      "auc_score": 1.0,
      "classification_report": {
        "0": {
          "precision": 1.0,
          "recall": 1.0,
          "f1-score": 1.0,
          "support": 181.0
        },
        "1": {
          "precision": 1.0,
          "recall": 1.0,
          "f1-score": 1.0,
          "support": 40.0
        },
        "accuracy": 1.0,
        "macro avg": {
          "precision": 1.0,
          "recall": 1.0,
          "f1-score": 1.0,
          "support": 221.0
        },
        "weighted avg": {
          "precision": 1.0,
          "recall": 1.0,
          "f1-score": 1.0,
          "support": 221.0
        }
      }
    },
    "risk_assessment": {
      "success": true,
      "mae": 0.4546,
      "r2_score": 0.991,
      "feature_importance": {
        "curriculum_relevance": 0.0001,
        "learning_pace": 0.0009,
        "support_availability": 0.0001,
        "learning_style": 0.0003,
        "teaching_quality": 0.0001,
        "environment": 0.0002,
        "peer_interaction": 0.0005,
        "extracurricular": 0.0001,
        "academic_progress": 0.2872,
        "skill_development": 0.0003,