{
  "timestamp": "2025-10-29T15:14:37.778796",
  "training_samples": 1105,
  "results": {
    "compliance_predictor": {
      "success": true,
      "training_history": {
        "loss": [
          0.494398295879364,
          0.24725334346294403,
          0.13497795164585114,
          0.08393625169992447,
          0.06666606664657593,
          0.051528941839933395,
          0.044741299003362656,
          0.04249867796897888,
          0.03964623808860779,
          0.03273482248187065,
          0.034334804862737656,
          0.024684196338057518,
          0.026615429669618607,
          0.026125771924853325,
          0.02786589227616787,
          0.020963246002793312,
          0.028905311599373817,
          0.01668614335358143,
          0.025924017652869225,
          0.018895233049988747,
          0.01783103123307228,
          0.017702309414744377,
          0.01701953634619713,
          0.02070445753633976,
          0.013014943338930607,
          0.019963374361395836,
          0.01899712346494198,
          0.012493135407567024,
          0.018246173858642578,
          0.018701402470469475,
          0.01672249287366867,
          0.015874559059739113
        ],
        "accuracy": [
          0.8812217116355896,
          0.9649321436882019,
          0.9626696705818176,
          0.9728506803512573,
          0.9785068035125732,
          0.9841628670692444,
          0.9819004535675049,
          0.983031690120697,
          0.9864253401756287,
          0.9886877536773682,
          0.9852941036224365,
          0.9932126402854919,
          0.9886877536773682,
          0.9920814633369446,
          0.9920814633369446,
          0.9943438768386841,
          0.9864253401756287,
          0.9920814633369446,
          0.9875565767288208,
          0.9920814633369446,
          0.9943438768386841,
          0.9943438768386841,
          0.9943438768386841,
          0.9920814633369446,
          0.9943438768386841,
          0.9898189902305603,
          0.9932126402854919,
          0.9954751133918762,
          0.9932126402854919,
          0.9920814633369446,
          0.9932126402854919,
          0.9932126402854919
        ],
        "auc": [
          0.9757099151611328,
          0.9934794902801514,
          0.9944533109664917,
          0.9980067014694214,
          0.9984569549560547,
          0.9992185831069946,
          0.999320387840271,
          0.999272346496582,
          0.999142050743103,
          0.9995639324188232,
          0.9993912577629089,
          0.9998188614845276,
          0.9996886253356934,
          0.999725341796875,
          0.9995894432067871,
          0.9997735023498535,
          0.9994252324104309,
          0.9998725652694702,
          0.9995894432067871,
          0.9998244643211365,
          0.9998273253440857,
          0.999855637550354,
          0.9998470544815063,
          0.9997282028198242,
          0.9999207258224487,
          0.9997592568397522,
          0.9998046159744263,
          0.9999547004699707,
          0.999801754951477,
          0.9997848272323608,
          0.9997933506965637,
          0.9998499155044556
        ],
        "val_loss": [
          0.33316344022750854,
          0.17658066749572754,
          0.11614087224006653,
          0.08119115233421326,
          0.06701426953077316,
          0.058564506471157074,
          0.05251742899417877,
          0.04322070628404617,
          0.0416257306933403,
          0.044841088354587555,
          0.03710828721523285,
          0.03183281421661377,
          0.04501062631607056,
          0.033935870975255966,
          0.03310461342334747,
          0.02806934528052807,
          0.024837302044034004,
          0.028473088517785072,
          0.02342827431857586,
          0.02988959476351738,
          0.02144763432443142,
          0.02107871137559414,
          0.026895437389612198,
          0.03028208389878273,
          0.03505588695406914,
          0.03326311707496643,
          0.03416958451271057,
          0.02985663153231144,
          0.03527339920401573,
          0.04069085419178009,
          0.04048803076148033,
          0.02811269834637642
        ],
        "val_accuracy": [
          0.9502262473106384,
          0.9502262473106384,
          0.9547511339187622,
          0.959276020526886,
          0.9683257937431335,
          0.9683257937431335,
          0.9728506803512573,
          0.9819004535675049,
          0.9864253401756287,
          0.9819004535675049,
          0.9819004535675049,
          0.9909502267837524,
          0.9773755669593811,
          0.9864253401756287,
          0.9819004535675049,
          0.9864253401756287,
          0.9819004535675049,
          0.9864253401756287,
          0.9909502267837524,
          0.9864253401756287,
          0.9864253401756287,
          0.9909502267837524,
          0.9819004535675049,
          0.9773755669593811,
          0.9728506803512573,
          0.9773755669593811,
          0.9819004535675049,
          0.9909502267837524,
          0.9819004535675049,
          0.9728506803512573,
          0.9773755669593811,
          0.9819004535675049
        ],
        "val_auc": [
          0.9966117739677429,
          0.9974695444107056,
          0.9978556036949158,
          0.9984989166259766,
          0.9987990856170654,
          0.9987132549285889,
          0.9992280006408691,
          0.9995711445808411,
          0.9995710849761963,
          0.9993996620178223,
          0.9994853138923645,
          0.9998285174369812,
          0.9993995428085327,
          0.9995712041854858,
          0.9995282292366028,
          0.9996568560600281,
          0.9996568560600281,
          0.9998284578323364,
          0.9997426271438599,
          0.9996997714042664,
          0.9998283982276917,
          0.9997855424880981,
          0.9996568560600281,
          0.9993137717247009,
          0.9991421699523926,
          0.9991850852966309,
          0.9991850852966309,
          0.9996569156646729,
          0.9992279410362244,
          0.9992280006408691,
          0.9992280602455139,
          0.9994853734970093
        ]
      },
      "final_accuracy": 0.9932126402854919,
      "final_val_accuracy": 0.9819004535675049
    },
    "student_clusterer": {
      "success": true,
      "num_clusters": 3,
      "algorithm": "kmeans",
      "clusters": [
        {
          "cluster_id": 1,
          "size": 526,
          "percentage": 47.6,
          "average_satisfaction": 3.88,
          "average_performance": 2.55,
          "average_attendance": 85.14,
          "average_participation": 0.0,
          "characteristics": [
            "Moderate satisfaction learners",
            "Average academic performers",
            "Moderate attendance",
            "Low safety perception"
          ],
          "risk_profile": {
            "risk_level": "Low Risk",
            "risk_factors": [
              "Safety concerns"
            ],
            "risk_score": 1
          },
          "recommended_interventions": [
            "Enhance safety protocols and student support services"
          ]
        },
        {
          "cluster_id": 2,
          "size": 307,
          "percentage": 27.78,
          "average_satisfaction": 2.65,
          "average_performance": 1.62,
          "average_attendance": 75.77,
          "average_participation": 0.0,
          "characteristics": [
            "Low satisfaction learners",
            "Low academic performers",
            "Moderate attendance",
            "Low safety perception"
          ],
          "risk_profile": {
            "risk_level": "High Risk",
            "risk_factors": [
              "Low satisfaction",
              "Poor academic performance",
              "Safety concerns"
            ],
            "risk_score": 3
          },